"","OTU","S03","S04","S05","S07","S08","S09","S11","S12","S13","S15","S16","S18","S22","S23","S25","S27","S33","S36","S37","S42","S43","S44","S48","S51","S58","S61","S63","Taxa.ID","Taxa.Order","Taxa.Family","reso","Taxa.ID.98","total_samples","total_abun"
"1","denovo0",0,0,0,0,0,0,0,0,0,0,0,0,0,0,0,0,0,0,0,0,0,0,0,2,0,0,0,"Cyclosa","Araneae","Araneidae","genus","Cyclosa",1,2
"2","denovo1",0,0,0,0,0,0,0,0,0,0,0,0,0,0,0,0,0,0,0,0,0,0,0,1,0,0,0,"Araneidae","Araneae","Araneidae","family",NA,1,1
"3","denovo10",0,0,0,0,0,0,0,0,0,0,0,0,0,0,7,0,0,0,0,0,0,0,0,0,0,0,0,"Gryllodes","Orthoptera","Gryllidae","genus",NA,1,7
"4","denovo100",0,0,0,0,0,0,0,1,0,0,0,0,0,0,0,0,0,0,0,0,0,0,0,0,0,0,0,"Glyptina","Coleoptera","Chrysomelidae","genus",NA,1,1
"5","denovo101",0,0,0,0,0,1,0,0,0,0,0,0,0,0,0,0,0,0,0,0,0,0,0,0,0,0,0,"ursina","Lepidoptera","Erebidae","species","ursina",1,1
"6","denovo102",0,0,0,0,0,0,0,0,0,1,0,0,0,0,0,0,0,0,0,0,0,0,0,0,0,0,0,"Ectobiidae","Blattodea","Ectobiidae","family",NA,1,1
"7","denovo103",0,0,0,0,0,0,0,0,0,0,0,0,0,0,0,0,1,0,0,0,0,0,0,0,0,0,0,"Lepidoptera","Lepidoptera","None","order",NA,1,1
"8","denovo104",0,1,0,0,0,0,0,0,0,0,0,0,0,0,0,0,0,0,0,0,0,0,0,0,0,0,0,"Tachinidae","Diptera","Tachinidae","family","Tachinidae",1,1
"9","denovo105",0,0,0,0,0,0,0,0,0,0,0,0,0,0,10,0,0,0,0,0,0,0,0,0,0,0,0,"Orthoptera","Orthoptera","None","order",NA,1,10
"10","denovo106",0,0,0,0,0,0,0,0,0,0,1,0,0,0,0,0,1,0,0,0,0,0,0,0,0,0,0,"Ceracia","Diptera","Tachinidae","genus","Ceracia",2,2
"11","denovo107",0,0,0,0,0,0,0,1,0,0,0,0,0,0,0,0,0,0,0,0,0,0,0,0,0,0,0,"Armadillidiidae","Isopoda","Armadillidiidae","family",NA,1,1
"12","denovo108",0,0,0,0,0,0,1,0,0,0,0,0,0,0,0,0,0,0,0,0,0,0,0,0,0,0,0,"Arachnis","Lepidoptera","Erebidae","genus",NA,1,1
"13","denovo109",0,0,0,0,0,0,0,1,0,0,0,0,0,0,0,0,0,0,0,0,0,0,0,0,0,0,0,"Phoridae","Diptera","Phoridae","family",NA,1,1
"14","denovo11",0,0,0,0,0,0,1,0,0,0,0,0,0,0,0,0,0,0,0,0,1,0,0,0,0,0,0,"Arachnis","Lepidoptera","Erebidae","genus","Arachnis",2,2
"15","denovo110",0,0,0,0,0,0,0,0,0,0,0,0,0,0,0,0,1,0,0,0,0,0,0,0,0,0,0,"Cyclosa","Araneae","Araneidae","genus",NA,1,1
"16","denovo111",0,0,0,0,0,0,0,0,0,0,0,0,0,0,0,0,0,0,0,0,0,1,0,0,0,0,0,"Echidnophaga","Siphonaptera","Pulicidae","genus","Echidnophaga",1,1
"17","denovo112",0,3,2,0,0,0,0,0,0,0,0,0,0,0,0,0,0,0,0,0,0,0,0,0,0,0,0,"Hydrophoria","Diptera","Anthomyiidae","genus","Hydrophoria",2,5
"18","denovo113",0,0,0,0,0,0,0,0,0,0,0,0,0,0,0,0,1,0,0,0,0,0,0,1,0,0,0,"Araneidae","Araneae","Araneidae","family",NA,2,2
"19","denovo114",0,0,0,0,0,0,0,0,0,0,1,0,0,0,0,0,0,0,0,0,0,0,0,0,0,0,0,"Lepidoptera","Lepidoptera","None","order",NA,1,1
"20","denovo115",0,0,0,0,0,0,0,0,0,0,0,0,0,0,0,1,0,0,0,0,0,0,0,0,0,0,0,"Tipula","Diptera","Tipulidae","genus",NA,1,1
"21","denovo116",0,0,0,0,0,0,0,0,0,0,0,0,0,0,0,0,0,0,0,0,0,0,0,0,1,0,0,"Arachnis","Lepidoptera","Erebidae","genus",NA,1,1
"22","denovo117",0,0,0,0,0,0,0,0,0,0,0,0,0,0,0,0,0,0,0,0,0,0,0,0,3,0,0,"Lacinipolia","Lepidoptera","Noctuidae","genus","Lacinipolia",1,3
"23","denovo118",0,0,0,0,0,0,0,0,0,0,0,0,0,0,0,3,0,0,0,0,0,0,0,0,0,0,0,"Tipula","Diptera","Tipulidae","genus","Tipula",1,3
"24","denovo119",0,0,0,0,0,0,0,0,0,0,0,0,0,0,0,0,0,0,0,0,0,0,0,1,0,0,0,"Ectobiidae","Blattodea","Ectobiidae","family",NA,1,1
"25","denovo12",0,0,0,0,0,0,17,0,0,0,0,0,0,0,0,0,0,0,0,0,0,0,0,0,0,0,0,"clypeatus","Araneae","Salticidae","species","clypeatus",1,17
"26","denovo120",0,0,0,0,0,0,0,0,0,0,1,0,0,0,0,0,0,0,0,0,0,0,0,0,0,0,0,"Noctuidae","Lepidoptera","Noctuidae","family",NA,1,1
"27","denovo121",0,0,0,0,0,0,0,0,0,0,4,0,0,0,0,0,0,0,0,0,0,0,0,0,0,0,0,"battoides","Lepidoptera","Lycaenidae","species","battoides",1,4
"28","denovo122",0,0,0,0,0,0,0,0,0,0,0,0,0,0,0,0,0,0,2,0,0,0,0,0,9,0,0,"Pero","Lepidoptera","Geometridae","genus","Pero",2,11
"29","denovo123",0,0,0,0,0,0,0,0,0,0,0,0,0,0,0,3,0,0,1,0,0,0,0,0,0,0,0,"Lepidoptera","Lepidoptera","None","order","Lepidoptera",2,4
"30","denovo124",0,0,0,0,0,0,0,0,0,0,0,0,0,1,0,0,0,0,0,0,0,0,0,0,0,0,0,"Tettigoniidae","Orthoptera","Tettigoniidae","family",NA,1,1
"31","denovo125",0,0,0,0,0,0,0,0,0,0,0,0,0,0,0,0,0,0,0,0,0,10,0,0,0,0,0,"Araneidae","Araneae","Araneidae","family",NA,1,10
"32","denovo126",0,0,0,0,0,0,0,56,0,0,0,0,0,0,0,0,0,0,0,0,0,0,0,0,0,0,0,"Glyptina","Coleoptera","Chrysomelidae","genus","Glyptina",1,56
"33","denovo127",0,0,0,0,1,0,0,0,0,0,0,0,0,0,0,0,0,0,0,0,0,0,0,0,0,0,0,"Acrididae","Orthoptera","Acrididae","family",NA,1,1
"34","denovo128",0,0,0,0,0,0,0,0,0,0,0,0,0,0,0,0,0,0,0,0,0,0,0,0,2,0,0,"Orgyia","Lepidoptera","Erebidae","genus","Orgyia",1,2
"35","denovo129",0,0,0,0,0,0,0,0,0,0,0,0,0,0,0,0,0,0,0,0,0,0,0,2,0,0,0,"Cyclosa","Araneae","Araneidae","genus","Cyclosa",1,2
"36","denovo13",0,0,0,0,0,1,0,0,0,0,0,0,0,0,0,0,0,0,0,0,0,0,0,0,0,0,0,"Acrididae","Orthoptera","Acrididae","family",NA,1,1
"37","denovo130",0,0,1,0,0,0,0,0,0,0,0,0,0,0,0,0,0,0,0,0,0,0,0,0,0,0,0,"Anopheles","Diptera","Culicidae","genus",NA,1,1
"38","denovo131",0,0,0,0,0,0,0,0,0,0,0,0,0,0,0,0,1,0,0,0,0,0,0,1,0,0,0,"Cyclosa","Araneae","Araneidae","genus",NA,2,2
"39","denovo132",0,0,0,0,0,0,0,0,0,0,0,0,0,0,1,0,0,0,0,0,0,0,0,0,0,0,0,"Gryllodes","Orthoptera","Gryllidae","genus",NA,1,1
"40","denovo133",0,0,14,0,0,0,0,0,0,1,0,0,0,0,0,0,0,0,0,0,0,0,0,0,0,0,0,"Erebidae","Lepidoptera","Erebidae","family",NA,2,15
"41","denovo134",0,1,0,0,0,0,0,0,0,0,0,0,0,0,0,0,0,0,0,0,0,0,0,0,0,0,0,"Tachinidae","Diptera","Tachinidae","family","Tachinidae",1,1
"42","denovo135",0,0,0,0,0,0,0,0,0,0,0,0,0,0,0,0,0,0,0,11,0,0,0,0,0,0,0,"Cecidomyiidae","Diptera","Cecidomyiidae","family","Cecidomyiidae",1,11
"43","denovo136",0,0,0,0,0,0,0,0,0,0,0,0,0,0,191,0,0,0,0,0,0,0,0,0,0,0,0,"unknown","unknown","unknown","none",NA,1,191
"44","denovo137",0,0,0,0,0,0,0,0,0,0,0,0,0,0,6,0,0,0,0,0,0,0,0,0,0,0,0,"unknown","unknown","unknown","none",NA,1,6
"45","denovo138",0,0,0,0,31,1,14,0,0,0,0,0,0,0,0,0,0,0,24,0,0,0,0,0,0,0,0,"Holorusia","Diptera","Tipulidae","genus","Holorusia",4,70
"46","denovo139",0,0,0,0,0,0,0,0,0,0,0,0,0,0,0,0,0,0,0,0,0,0,0,1,0,0,0,"Cyclosa","Araneae","Araneidae","genus",NA,1,1
"47","denovo14",0,0,0,0,0,0,0,0,0,0,0,0,0,0,0,0,0,0,0,0,0,1,0,0,0,0,0,"Lepidoptera","Lepidoptera","None","order","Lepidoptera",1,1
"48","denovo140",0,0,0,0,0,0,0,0,0,0,0,1,0,0,0,0,0,0,0,0,0,0,0,0,0,0,0,"Neriidae","Diptera","Neriidae","family",NA,1,1
"49","denovo141",0,0,0,0,3,1,0,0,0,0,0,0,0,0,0,0,0,0,0,0,0,0,0,1,0,0,0,"johnsoni","Araneae","Salticidae","species","johnsoni",3,5
"50","denovo142",0,0,0,0,0,0,0,0,0,0,0,0,0,0,0,0,2,0,0,0,0,0,0,0,0,0,0,"Isopoda","Isopoda","None","order",NA,1,2
"51","denovo143",0,0,0,0,0,0,0,0,0,0,0,0,0,0,0,0,0,0,0,0,0,0,0,9,0,0,0,"Cyclosa","Araneae","Araneidae","genus",NA,1,9
"52","denovo144",0,0,0,0,0,0,5,0,0,0,0,0,0,0,0,0,0,0,0,0,0,0,0,0,0,0,0,"Pyropyga","Coleoptera","Lampyridae","genus",NA,1,5
"53","denovo145",0,0,0,0,0,0,6,0,0,0,0,0,0,0,0,0,0,0,0,0,0,0,0,0,0,0,0,"apicifer","Diptera","Tachinidae","species","apicifer",1,6
"54","denovo146",0,0,0,0,0,1,0,0,0,0,0,0,0,0,0,0,0,0,0,5,0,0,0,0,0,0,0,"Cecidomyiidae","Diptera","Cecidomyiidae","family",NA,2,6
"55","denovo147",0,1,0,0,0,0,0,0,0,0,0,0,0,0,0,0,0,0,0,0,0,0,0,0,0,0,0,"unknown","unknown","unknown","none",NA,1,1
"56","denovo148",0,0,0,0,0,0,0,0,0,0,0,0,0,0,0,0,0,0,0,0,0,0,0,1,0,0,0,"Spodoptera","Lepidoptera","Noctuidae","genus","Spodoptera",1,1
"57","denovo149",0,0,0,0,0,0,0,0,0,0,0,2,0,0,0,0,0,0,0,0,0,0,0,0,0,0,0,"Odontoloxozus","Diptera","Neriidae","genus","Odontoloxozus",1,2
"58","denovo15",0,0,0,0,0,0,0,0,0,0,0,0,0,0,0,0,1,0,0,0,0,0,0,1,0,0,0,"Cyclosa","Araneae","Araneidae","genus",NA,2,2
"59","denovo150",0,0,0,0,0,0,0,0,0,1,0,0,0,0,0,0,0,0,0,0,0,0,0,0,0,0,0,"lubricipeda","Lepidoptera","Erebidae","species","lubricipeda",1,1
"60","denovo151",0,2760,22,0,0,0,0,0,0,0,0,0,0,0,0,0,0,0,0,0,0,0,0,0,0,0,0,"Bombylius","Diptera","Bombyliidae","genus",NA,2,2782
"61","denovo152",0,0,0,0,0,0,1,0,0,0,0,0,0,0,0,0,0,0,0,0,0,0,0,0,0,0,0,"Arachnis","Lepidoptera","Erebidae","genus",NA,1,1
"62","denovo153",0,0,0,0,0,0,0,0,0,0,0,0,0,0,0,0,0,1,0,0,0,0,0,0,0,0,0,"Ectobiidae","Blattodea","Ectobiidae","family",NA,1,1
"63","denovo154",0,0,0,0,0,0,0,0,0,0,0,0,0,0,0,0,0,0,0,0,0,0,0,1,0,0,0,"Apterogenum","Lepidoptera","Noctuidae","genus",NA,1,1
"64","denovo155",0,0,0,0,0,0,0,0,0,2,0,0,0,0,0,0,0,0,0,0,0,0,0,0,0,0,0,"Coleoptera","Coleoptera","None","order",NA,1,2
"65","denovo156",0,0,0,0,0,0,0,0,0,0,0,0,0,0,0,0,0,0,0,0,0,0,0,0,2,0,0,"Geometridae","Lepidoptera","Geometridae","family",NA,1,2
"66","denovo157",0,0,0,0,0,0,0,0,0,0,0,0,0,0,0,0,0,0,0,0,0,0,0,5,0,0,0,"Cyclosa","Araneae","Araneidae","genus",NA,1,5
"67","denovo158",0,0,0,0,0,0,0,0,0,0,0,0,0,0,0,0,47,0,0,2,1,1,1,139,9,0,0,"turbinata","Araneae","Araneidae","species","turbinata",7,200
"68","denovo159",0,0,0,0,0,0,0,0,0,0,0,0,0,0,0,0,0,0,0,0,0,0,0,0,0,0,1,"Hybomitra","Diptera","Tabanidae","genus","Hybomitra",1,1
"69","denovo16",0,0,0,0,0,0,0,0,0,0,0,0,0,0,3,0,0,0,0,0,0,0,0,0,0,0,0,"unknown","unknown","unknown","none",NA,1,3
"70","denovo160",0,5221,22,0,0,1,0,0,0,0,0,0,4,0,0,0,0,0,0,1,0,0,0,0,0,0,0,"Tachinidae","Diptera","Tachinidae","family","Tachinidae",5,5249
"71","denovo161",0,0,0,0,0,0,0,0,0,0,6,0,0,0,0,0,0,0,0,0,0,0,0,0,0,0,0,"Lepidoptera","Lepidoptera","None","order","Lepidoptera",1,6
"72","denovo162",0,0,3,0,0,0,0,0,0,0,0,0,0,0,0,0,0,0,0,0,0,0,0,0,0,0,0,"Chloropidae","Diptera","Chloropidae","family",NA,1,3
"73","denovo163",0,0,0,0,0,0,0,0,0,0,0,0,0,0,0,0,1,0,0,0,0,0,0,0,0,0,0,"Arachnis","Lepidoptera","Erebidae","genus","Arachnis",1,1
"74","denovo164",0,0,0,0,0,0,0,0,0,0,0,0,0,0,0,0,0,0,0,0,0,0,0,1,0,0,0,"Euphilotes","Lepidoptera","Lycaenidae","genus",NA,1,1
"75","denovo165",0,0,0,0,0,0,0,0,0,0,0,0,0,0,0,0,0,0,24,0,0,0,0,0,0,0,0,"trabalis","Lepidoptera","Pyralidae","species","trabalis",1,24
"76","denovo166",0,0,0,0,0,0,0,0,0,0,0,0,0,0,0,11,0,0,0,0,0,0,0,0,0,0,0,"Tipula","Diptera","Tipulidae","genus",NA,1,11
"77","denovo167",0,0,0,0,0,0,0,0,0,0,0,0,0,0,0,0,2,0,0,0,0,0,0,0,0,0,0,"Cyclosa","Araneae","Araneidae","genus",NA,1,2
"78","denovo168",0,0,0,0,0,0,0,0,0,0,0,0,0,0,0,0,0,0,0,0,0,0,0,1,0,0,0,"Noctuidae","Lepidoptera","Noctuidae","family",NA,1,1
"79","denovo169",0,0,0,0,0,0,0,0,0,0,0,0,0,4,0,0,0,0,0,0,0,0,0,8,0,0,3,"Geometridae","Lepidoptera","Geometridae","family","Geometridae",3,15
"80","denovo17",0,0,0,0,0,0,0,0,0,0,0,0,0,0,0,0,0,0,0,0,0,0,0,4,0,0,0,"Cyclosa","Araneae","Araneidae","genus","Cyclosa",1,4
"81","denovo170",0,0,0,0,0,3,11,0,2,0,0,0,0,0,0,1,0,0,0,0,1,0,0,0,0,0,0,"Arachnis","Lepidoptera","Erebidae","genus","Arachnis",5,18
"82","denovo171",2,0,0,1,0,0,0,0,0,0,0,0,0,0,0,0,0,0,0,16,0,0,0,0,1,0,0,"vetusta","Lepidoptera","Erebidae","species","vetusta",4,20
"83","denovo172",0,0,0,0,0,0,0,0,0,0,0,2,0,0,0,0,0,0,0,0,0,0,0,0,0,0,0,"Odontoloxozus","Diptera","Neriidae","genus","Odontoloxozus",1,2
"84","denovo173",0,55,0,0,0,0,0,0,0,0,0,0,0,0,0,0,0,0,0,0,0,0,0,0,0,0,0,"Bombyliidae","Diptera","Bombyliidae","family",NA,1,55
"85","denovo174",0,0,0,0,0,0,0,0,0,0,0,0,0,0,4,0,0,0,0,0,0,0,0,0,0,0,0,"Gryllidae","Orthoptera","Gryllidae","family",NA,1,4
"86","denovo175",0,0,0,0,0,0,0,0,0,0,0,0,0,0,0,0,0,0,0,0,0,0,1,0,0,0,0,"Cyclosa","Araneae","Araneidae","genus",NA,1,1
"87","denovo176",0,0,0,0,0,0,0,0,0,0,0,0,0,0,0,1,0,0,0,0,0,0,0,0,0,0,0,"Anthonomus","Coleoptera","Curculionidae","genus",NA,1,1
"88","denovo177",0,0,0,0,0,0,0,0,0,0,0,0,0,0,0,0,0,0,0,1,0,0,0,0,0,0,0,"saucia","Lepidoptera","Noctuidae","species","saucia",1,1
"89","denovo178",0,0,0,2,14,0,35,0,0,0,9,0,0,48,0,0,21,0,0,0,0,26,1,377,9,1,0,"Heliconius","Lepidoptera","Nymphalidae","genus",NA,11,543
"90","denovo179",0,0,0,0,0,0,0,0,0,1,0,0,0,0,0,0,0,0,0,0,0,0,0,0,0,0,0,"Copestylum","Diptera","Syrphidae","genus","Copestylum",1,1
"91","denovo18",0,0,0,0,0,0,0,21,0,0,0,0,0,0,0,0,0,0,0,0,0,0,0,0,0,0,0,"Coleoptera","Coleoptera","None","order","Coleoptera",1,21
"92","denovo180",0,0,0,0,0,0,1,0,0,0,0,0,0,0,0,0,0,0,0,0,0,0,0,0,0,0,0,"Coleoptera","Coleoptera","None","order",NA,1,1
"93","denovo181",0,4,0,0,1,43,162,0,18,0,55,0,0,0,0,17,5,0,0,0,13,0,132,4,38,0,0,"picta","Lepidoptera","Erebidae","species","picta",12,492
"94","denovo182",0,0,0,0,0,0,0,0,0,0,0,30,0,0,0,0,0,0,0,0,0,0,0,0,0,0,0,"Dasyopa","Diptera","Chloropidae","genus","Dasyopa",1,30
"95","denovo183",0,0,0,0,0,0,1,0,0,0,0,0,0,0,0,0,0,0,0,0,0,0,0,0,0,0,0,"Salticidae","Araneae","Salticidae","family",NA,1,1
"96","denovo184",0,0,0,0,0,0,0,0,0,0,0,0,0,0,0,0,0,0,0,0,0,0,0,3,0,0,0,"Ectobiidae","Blattodea","Ectobiidae","family","Ectobiidae",1,3
"97","denovo185",0,0,0,0,0,0,0,0,0,0,0,0,0,0,0,0,1,0,0,0,0,0,0,10,0,0,0,"Cyclosa","Araneae","Araneidae","genus",NA,2,11
"98","denovo186",0,0,0,0,0,0,0,0,0,0,0,0,0,0,0,0,0,0,0,0,0,0,0,0,0,0,26,"pechumani","Diptera","Tabanidae","species","pechumani",1,26
"99","denovo187",0,0,0,0,0,0,0,0,0,0,0,0,0,0,0,14,0,0,0,0,0,0,0,0,0,0,0,"Trichoplusia","Lepidoptera","Noctuidae","genus","Trichoplusia",1,14
"100","denovo188",0,0,0,0,0,0,0,0,0,0,0,0,0,0,0,0,0,0,0,0,0,0,0,0,1,0,0,"Noctuidae","Lepidoptera","Noctuidae","family",NA,1,1
"101","denovo189",0,0,0,0,0,0,0,0,0,0,0,0,0,0,0,0,0,0,0,0,0,0,0,9,0,0,0,"Acleris","Lepidoptera","Tortricidae","genus","Acleris",1,9
"102","denovo19",0,0,0,0,0,0,0,0,0,0,1,0,0,0,0,0,0,0,0,0,0,0,0,0,0,0,0,"Lepidoptera","Lepidoptera","None","order",NA,1,1
"103","denovo190",0,0,0,0,0,0,0,0,311,0,0,0,0,0,0,0,46,0,0,0,0,0,0,0,0,0,191,"fuscomaculella","Lepidoptera","Pyralidae","species","fuscomaculella",3,548
"104","denovo191",0,0,0,0,0,0,0,0,0,0,0,0,0,142,0,0,0,0,0,0,0,0,0,0,0,0,0,"Orthoptera","Orthoptera","None","order",NA,1,142
"105","denovo192",0,4,0,0,0,0,0,0,0,0,0,0,0,0,0,0,0,3,0,0,0,0,0,0,0,0,0,"Nymphalidae","Lepidoptera","Nymphalidae","family","Nymphalidae",2,7
"106","denovo193",0,0,0,0,0,0,0,0,0,0,0,0,0,0,0,0,1,0,0,0,0,0,0,0,0,0,0,"Arachnis","Lepidoptera","Erebidae","genus","Arachnis",1,1
"107","denovo194",0,0,0,0,0,0,0,3,0,0,0,0,0,0,0,0,0,0,0,0,0,0,0,0,0,0,0,"Coleoptera","Coleoptera","None","order",NA,1,3
"108","denovo195",0,0,0,0,0,0,0,0,0,0,1,0,0,0,0,0,0,0,0,0,0,0,0,0,0,0,0,"Acrolophus","Lepidoptera","Tineidae","genus","Acrolophus",1,1
"109","denovo196",2,0,0,0,0,0,0,0,0,0,0,0,0,0,0,0,0,0,0,0,0,0,0,0,0,0,0,"Armadillidiidae","Isopoda","Armadillidiidae","family",NA,1,2
"110","denovo197",0,1,0,0,0,0,0,0,0,0,0,0,0,0,0,0,0,0,0,0,0,0,0,0,0,0,0,"Tachinidae","Diptera","Tachinidae","family",NA,1,1
"111","denovo198",0,6,0,0,0,0,0,0,0,0,0,0,0,0,0,0,0,0,0,0,0,0,0,0,0,0,0,"Dichopygina","Diptera","Sciaridae","genus",NA,1,6
"112","denovo199",0,0,0,0,0,2,0,0,0,0,0,0,0,0,0,0,0,0,0,0,0,0,0,0,0,0,0,"Armadillidium","Isopoda","Armadillidiidae","genus",NA,1,2
"113","denovo2",0,0,0,0,0,0,0,0,0,0,0,0,0,0,0,0,0,0,0,0,0,7,0,0,0,0,0,"Pulicidae","Siphonaptera","Pulicidae","family",NA,1,7
"114","denovo20",0,0,0,0,0,0,0,1,0,0,0,0,0,0,0,0,0,0,0,0,0,0,0,0,0,0,0,"Coleoptera","Coleoptera","None","order",NA,1,1
"115","denovo200",0,0,0,0,0,0,0,4,0,0,0,0,0,0,0,0,0,0,0,0,0,0,0,0,0,0,0,NA,NA,NA,NA,NA,1,4
"116","denovo201",0,0,0,0,0,1,0,0,0,0,0,0,0,0,0,0,0,0,0,0,0,0,0,0,0,0,0,NA,NA,NA,NA,NA,1,1
"117","denovo202",0,0,0,0,0,0,0,0,0,0,0,0,1,0,0,0,0,0,0,0,0,0,0,0,0,0,0,"Tachinidae","Diptera","Tachinidae","family",NA,1,1
"118","denovo203",0,1,0,0,0,0,0,0,0,0,0,0,0,0,0,0,0,0,0,0,0,0,0,0,0,0,0,"Tachinidae","Diptera","Tachinidae","family",NA,1,1
"119","denovo204",0,0,0,0,0,0,2,0,0,0,0,0,0,0,0,0,0,0,0,0,0,0,0,0,0,0,0,"picta","Lepidoptera","Erebidae","species","picta",1,2
"120","denovo205",0,0,0,0,0,0,3,0,0,0,0,0,0,0,0,0,0,0,0,0,0,0,0,0,0,0,0,"Lepidoptera","Lepidoptera","Apatelodidae","order",NA,1,3
"121","denovo206",0,0,0,0,0,0,0,0,0,0,0,0,0,0,0,0,0,0,4,0,0,0,0,0,0,0,0,"Tipulidae","Diptera","Tipulidae","family",NA,1,4
"122","denovo207",0,0,0,0,0,0,0,1,0,0,0,0,0,0,0,0,0,0,0,0,0,0,0,0,0,0,0,"Diptera","Diptera","None","order",NA,1,1
"123","denovo208",0,1,0,0,0,0,0,0,0,0,0,0,0,0,0,0,0,0,0,0,0,0,0,0,0,0,0,"Torticidae","Lepidoptera","Torticidae","family",NA,1,1
"124","denovo209",0,0,0,0,0,0,0,27,0,0,0,0,0,0,0,0,0,0,0,0,0,0,0,0,0,0,0,"conterminus","Psocodea","Dasydemellidae","species","conterminus",1,27
"125","denovo21",0,3,4,0,0,0,1,0,0,0,0,0,0,0,0,0,0,0,0,0,0,1,0,0,0,0,0,"Noctuidae","Lepidoptera","Noctuidae","family",NA,4,9
"126","denovo210",0,0,0,0,0,0,0,0,0,0,2,0,0,0,0,0,0,0,0,0,0,0,0,0,0,0,0,"kearfotti","Lepidoptera","Tineidae","species","kearfotti",1,2
"127","denovo211",0,1,0,0,0,0,0,0,0,0,0,0,0,0,0,0,0,0,0,0,0,0,0,0,0,0,0,"Bombylius","Diptera","Bombyliidae","genus",NA,1,1
"128","denovo212",0,0,0,0,0,0,0,0,0,1,0,0,0,0,0,0,0,0,0,0,0,0,0,0,0,0,0,"Culicoides","Diptera","Ceratopogonidae","genus","Culicoides",1,1
"129","denovo213",0,0,0,0,0,2,0,0,0,0,0,0,0,0,0,0,0,0,0,0,0,0,0,0,0,0,0,"unknown","unknown","unknown","none",NA,1,2
"130","denovo214",0,0,0,0,0,0,0,0,2,0,0,0,0,0,0,0,2,0,0,0,0,0,0,0,0,0,3,"Ozamia","Lepidoptera","Pyralidae","genus","Ozamia",3,7
"131","denovo215",0,1,0,0,0,0,0,568,0,0,0,0,0,0,0,0,0,0,0,0,0,0,0,0,0,0,0,"unknown","unknown","unknown","none",NA,2,569
"132","denovo216",0,0,0,0,0,0,0,0,0,0,0,0,0,0,1,0,0,0,0,0,0,0,0,0,0,0,0,"unknown","unknown","unknown","none",NA,1,1
"133","denovo217",0,0,0,0,0,0,0,0,0,0,0,0,0,0,0,0,0,0,0,0,0,0,0,3,0,0,0,"Cyclosa","Araneae","Araneidae","genus",NA,1,3
"134","denovo218",0,0,1,0,434,131,0,0,0,0,0,0,0,0,0,0,1,0,0,0,0,0,0,0,0,0,0,"Chloealtis","Orthoptera","Acrididae","genus",NA,4,567
"135","denovo219",0,0,0,0,0,0,0,1,0,0,0,0,0,0,0,0,0,0,0,0,0,0,0,0,0,0,0,"unknown","unknown","unknown","none",NA,1,1
"136","denovo22",0,0,0,0,0,0,0,0,0,0,0,0,0,0,0,7,0,0,0,0,0,0,0,0,0,0,0,"Tipula","Diptera","Tipulidae","genus",NA,1,7
"137","denovo220",0,0,0,0,0,0,0,0,0,0,0,97,0,0,0,0,0,0,0,0,0,0,0,0,0,0,0,"Odontoloxozus","Diptera","Neriidae","genus",NA,1,97
"138","denovo221",0,1,0,0,1,0,1,0,0,0,0,0,0,0,0,0,0,0,0,0,1,0,0,0,0,0,0,"Grammia","Lepidoptera","Erebidae","genus","Grammia",4,4
"139","denovo222",0,0,0,0,0,0,0,0,0,0,0,0,0,0,0,0,0,0,0,0,0,0,0,1,0,0,0,"Noctuidae","Lepidoptera","Noctuidae","family","Noctuidae",1,1
"140","denovo223",0,0,0,0,0,0,0,0,0,0,0,0,0,0,0,0,0,0,0,0,0,0,0,1,0,0,0,"Cyclosa","Araneae","Araneidae","genus","Cyclosa",1,1
"141","denovo224",0,0,0,0,0,0,0,0,0,0,0,0,0,166,0,0,25,0,0,0,0,0,0,116,0,0,0,"Tettigoniidae","Orthoptera","Tettigoniidae","family",NA,3,307
"142","denovo225",0,0,28,0,0,0,0,0,0,0,0,0,0,0,0,0,0,0,0,0,0,0,0,0,0,0,0,"Thaumatomyia","Diptera","Chloropidae","genus","Thaumatomyia",1,28
"143","denovo226",0,0,0,0,0,0,0,0,0,0,0,0,0,0,0,0,0,0,0,1,0,0,0,0,0,0,0,"Lepidoptera","Lepidoptera","Ypsolophidae","order",NA,1,1
"144","denovo227",0,0,0,0,0,0,0,0,1,0,0,0,0,0,0,0,0,0,0,0,0,0,0,0,0,0,0,"trifasciata","Araneae","Araneidae","species","trifasciata",1,1
"145","denovo228",0,0,0,0,0,0,0,0,1,0,0,0,0,0,0,0,0,0,0,0,0,0,0,0,0,0,0,"Ozamia","Lepidoptera","Pyralidae","genus","Ozamia",1,1
"146","denovo229",0,1,1,0,0,0,3,0,0,0,0,0,0,0,0,0,1,0,0,0,0,0,0,0,4,0,0,"Arachnis","Lepidoptera","Erebidae","genus",NA,5,10
"147","denovo23",0,0,0,0,0,0,0,0,0,0,0,0,0,0,0,0,0,0,0,0,0,0,0,1,0,0,0,"Torticidae","Lepidoptera","Torticidae","family",NA,1,1
"148","denovo230",1,0,0,0,0,0,0,0,0,0,0,0,0,0,0,0,0,0,0,0,0,0,0,0,0,0,0,"unknown","unknown","unknown","none",NA,1,1
"149","denovo231",0,0,0,0,0,0,0,0,0,0,0,0,0,0,0,0,0,0,1,0,0,0,0,0,0,0,0,"Gelechiidae","Lepidoptera","Gelechiidae","family",NA,1,1
"150","denovo232",0,0,0,0,0,0,0,0,1,60,0,0,0,0,0,0,0,7,0,0,0,0,0,0,0,0,0,"avidum","Diptera","Syrphidae","species","avidum",3,68
"151","denovo233",0,0,0,0,0,0,0,0,0,0,0,0,0,0,0,0,0,0,0,0,0,0,0,0,1,0,0,"Cecidomyiidae","Diptera","Cecidomyiidae","family","Cecidomyiidae",1,1
"152","denovo234",0,0,0,0,0,0,0,0,0,0,1,0,0,0,0,0,0,0,0,0,0,0,0,0,0,0,0,"Arachnis","Lepidoptera","Erebidae","genus","Arachnis",1,1
"153","denovo235",0,0,0,0,0,0,0,0,0,0,0,0,0,0,0,0,0,0,567,0,0,0,0,0,0,0,0,"rudens","Lepidoptera","Noctuidae","species","rudens",1,567
"154","denovo236",0,0,0,0,0,0,16,0,0,0,0,0,0,0,0,0,0,0,0,0,0,0,0,0,0,0,0,"Euplagia","Lepidoptera","Erebidae","genus","Euplagia",1,16
"155","denovo237",0,0,0,0,0,0,0,0,0,0,0,0,0,0,0,0,0,0,0,1,0,0,0,0,0,0,0,"Peridroma","Lepidoptera","Noctuidae","genus","Peridroma",1,1
"156","denovo238",0,1,0,0,0,0,0,0,0,0,0,0,0,0,0,0,0,0,0,0,0,0,0,0,0,0,0,"Bombylius","Diptera","Bombyliidae","genus",NA,1,1
"157","denovo239",0,0,0,0,0,0,0,0,0,0,0,0,0,0,0,0,0,0,0,0,0,0,0,2,0,0,0,"Araneidae","Araneae","Araneidae","family",NA,1,2
"158","denovo24",0,0,0,0,0,0,9,0,0,0,0,0,0,0,0,0,0,0,0,0,0,0,0,0,0,0,0,"Lepidoptera","Lepidoptera","None","order","Lepidoptera",1,9
"159","denovo240",0,0,0,0,0,0,0,268,0,0,0,0,0,0,0,0,0,0,0,0,0,0,0,0,0,0,0,"Melyridae","Coleoptera","Melyridae","family","Melyridae",1,268
"160","denovo241",0,0,0,0,0,0,0,0,0,0,0,1,0,0,0,0,0,0,0,0,0,0,0,0,0,0,0,"Heleomyzidae","Diptera","Heleomyzidae","family","Heleomyzidae",1,1
"161","denovo242",0,0,0,0,0,0,0,0,0,0,0,0,0,0,0,1,0,0,0,0,0,0,0,0,0,0,0,"Sciaridae","Diptera","Sciaridae","family","Sciaridae",1,1
"162","denovo243",1,0,0,0,0,0,0,0,0,0,0,0,0,0,0,0,0,0,0,0,0,0,0,0,0,0,0,"unknown","unknown","unknown","none",NA,1,1
"163","denovo244",0,53,0,0,0,0,0,0,0,0,0,0,0,0,0,0,0,0,0,0,0,0,0,0,0,0,0,"Sciaridae","Diptera","Sciaridae","family","Sciaridae",1,53
"164","denovo245",0,0,0,0,0,0,0,0,0,0,0,0,0,0,71,0,0,0,0,0,0,0,0,0,0,0,0,"Orthoptera","Orthoptera","None","order",NA,1,71
"165","denovo246",0,0,0,0,0,0,0,0,0,1,0,0,0,0,0,0,0,1,0,0,0,0,0,0,0,0,0,"Copestylum","Diptera","Syrphidae","genus","Copestylum",2,2
"166","denovo247",0,0,0,0,0,0,0,0,0,0,0,0,0,0,0,0,0,0,0,0,0,0,0,0,0,0,1,"Ozamia","Lepidoptera","Pyralidae","genus",NA,1,1
"167","denovo248",0,0,0,0,0,0,0,0,0,0,0,0,0,0,0,0,0,0,0,0,0,0,0,1,0,0,0,"Araneae","Araneae","None","order",NA,1,1
"168","denovo249",0,0,0,0,0,0,0,0,0,0,0,0,0,0,0,0,0,0,0,0,0,0,0,1,0,0,0,"Cyclosa","Araneae","Araneidae","genus",NA,1,1
"169","denovo25",0,0,0,0,0,0,0,0,0,0,0,0,0,0,0,0,0,0,0,0,0,0,0,2,0,0,0,"Cyclosa","Araneae","Araneidae","genus",NA,1,2
"170","denovo250",0,0,0,0,0,0,1,0,0,0,0,0,0,0,0,0,0,0,0,0,0,0,0,0,0,0,0,"Erebidae","Lepidoptera","Erebidae","family",NA,1,1
"171","denovo251",0,0,0,0,0,0,0,0,0,0,0,0,0,0,0,0,0,0,0,0,0,0,0,1,0,0,0,"Cyclosa","Araneae","Araneidae","genus",NA,1,1
"172","denovo252",0,0,0,0,0,0,0,0,0,0,0,0,0,0,0,5,0,0,0,0,0,0,0,0,0,0,0,"Tipula","Diptera","Tipulidae","genus","Tipula",1,5
"173","denovo253",0,0,0,0,0,0,0,0,0,0,0,1,0,0,0,0,0,0,0,0,0,0,0,0,0,0,0,"Dasyopa","Diptera","Chloropidae","genus","Dasyopa",1,1
"174","denovo254",0,0,0,0,0,0,0,0,0,0,0,0,0,0,0,1,0,0,0,0,0,0,0,0,0,0,0,"Delia","Diptera","Anthomyiidae","genus","Delia",1,1
"175","denovo255",0,0,0,0,0,0,0,0,0,0,0,0,0,0,1,0,0,0,0,0,0,0,0,0,0,0,0,"Gryllodes","Orthoptera","Gryllidae","genus",NA,1,1
"176","denovo256",0,0,0,0,0,0,0,6,0,0,0,0,0,0,0,0,0,0,0,0,0,0,0,0,0,0,0,"Melyridae","Coleoptera","Melyridae","family",NA,1,6
"177","denovo257",0,0,0,0,0,0,0,0,0,0,0,0,0,0,0,0,0,0,0,0,0,1,0,7,0,0,0,"Araneidae","Araneae","Araneidae","family",NA,2,8
"178","denovo258",0,0,0,0,0,0,0,0,0,0,1,0,0,0,0,0,0,0,0,0,0,0,0,0,0,0,0,"Lepidoptera","Lepidoptera","None","order","Lepidoptera",1,1
"179","denovo259",0,0,0,0,0,0,0,8,0,0,0,0,0,0,0,0,0,0,0,0,0,0,0,0,0,0,0,"Ptinidae","Coleoptera","Ptinidae","family","Ptinidae",1,8
"180","denovo26",0,11,0,0,0,0,0,0,0,0,0,0,0,0,0,0,0,0,0,0,0,0,0,0,0,0,0,"Bombylius","Diptera","Bombyliidae","genus",NA,1,11
"181","denovo260",0,0,0,0,0,0,1,0,0,0,0,0,0,0,0,0,0,0,0,0,0,0,0,0,0,0,0,"Grammia","Lepidoptera","Erebidae","genus",NA,1,1
"182","denovo261",0,0,0,0,0,0,1,0,0,0,0,0,0,0,0,0,0,0,0,0,0,0,0,0,0,0,0,"picta","Lepidoptera","Erebidae","species","picta",1,1
"183","denovo262",0,0,0,0,0,0,0,0,0,1,0,0,0,0,0,0,0,0,0,0,0,0,0,0,0,0,0,"Copestylum","Diptera","Syrphidae","genus",NA,1,1
"184","denovo263",543,0,0,245,0,0,0,11,3,0,80,0,0,0,0,0,36,0,0,0,0,0,0,36,0,0,0,"Armadillidium","Isopoda","Armadillidiidae","genus","Armadillidium",7,954
"185","denovo264",0,0,0,0,0,0,0,0,0,0,39,0,0,0,0,0,0,0,0,0,0,0,0,0,0,0,0,"Euphilotes","Lepidoptera","Lycaenidae","genus","Euphilotes",1,39
"186","denovo265",0,0,0,0,0,0,0,0,0,0,0,0,0,0,0,10,0,0,0,0,0,0,0,0,0,0,0,"Trichoplusia","Lepidoptera","Noctuidae","genus","Trichoplusia",1,10
"187","denovo266",0,0,0,0,0,0,0,0,0,0,0,0,0,0,1,0,0,0,0,0,0,0,0,0,0,0,0,"Gryllidae","Orthoptera","Gryllidae","family",NA,1,1
"188","denovo267",0,0,1,0,0,0,0,0,0,0,0,0,0,0,0,0,0,0,0,0,0,0,0,0,0,0,0,"Grammia","Lepidoptera","Erebidae","genus","Grammia",1,1
"189","denovo268",0,0,0,0,0,0,0,1,0,0,0,0,0,0,0,0,0,0,0,0,0,0,0,0,0,0,0,"Chrysomelidae","Coleoptera","Chrysomelidae","family",NA,1,1
"190","denovo269",0,0,0,0,0,0,0,0,0,0,0,0,0,0,0,0,0,0,0,0,0,0,0,1,0,0,0,"Lepidoptera","Lepidoptera","None","order",NA,1,1
"191","denovo27",0,0,0,0,0,0,0,0,0,0,0,0,0,0,0,0,0,0,0,0,2,0,0,0,0,0,0,"Melanotus","Coleoptera","Elateridae","genus","Melanotus",1,2
"192","denovo270",0,0,1,0,0,0,0,0,0,0,0,0,0,0,0,0,0,0,0,0,0,0,0,0,0,0,0,"Dichopygina","Diptera","Sciaridae","genus","Dichopygina",1,1
"193","denovo271",0,0,7,0,0,0,0,0,0,0,0,0,0,0,0,0,0,0,0,1,0,2,2,0,0,0,0,"Anopheles","Diptera","Culicidae","genus",NA,4,12
"194","denovo272",0,0,0,1,0,0,0,0,0,0,0,0,0,0,0,0,0,0,0,0,0,0,0,0,0,0,0,"Ectobiidae","Blattodea","Ectobiidae","family","Ectobiidae",1,1
"195","denovo273",0,0,0,0,0,0,0,0,0,0,0,0,0,0,0,0,0,0,0,0,0,0,0,1,0,0,0,"Cyclosa","Araneae","Araneidae","genus",NA,1,1
"196","denovo274",0,0,0,0,1,0,0,0,0,0,0,0,0,0,0,0,0,0,0,0,0,0,0,0,0,0,0,"unknown","unknown","unknown","none",NA,1,1
"197","denovo275",0,0,0,0,0,0,0,0,1,0,0,0,0,0,0,0,0,0,0,0,0,0,0,0,0,0,0,"Pyralidae","Lepidoptera","Pyralidae","family",NA,1,1
"198","denovo276",0,0,0,0,0,0,0,0,0,0,0,1,0,0,0,0,0,0,0,0,0,0,0,0,0,0,0,"Odontoloxozus","Diptera","Neriidae","genus",NA,1,1
"199","denovo277",0,0,0,0,0,0,0,0,0,0,0,0,0,0,0,2,0,0,0,0,0,0,0,0,0,0,0,"Arachnis","Lepidoptera","Erebidae","genus",NA,1,2
"200","denovo278",0,0,0,0,0,0,0,0,0,0,1,0,0,0,0,0,0,0,0,0,0,0,0,0,0,0,0,"Ceracia","Diptera","Tachinidae","genus","Ceracia",1,1
"201","denovo279",0,2,0,0,0,0,0,0,0,0,0,0,0,0,0,0,0,0,0,0,0,0,0,0,0,0,0,"Chrysonoma","Lepidoptera","Oecophoridae","genus","Chrysonoma",1,2
"202","denovo28",0,0,0,0,0,0,0,0,0,0,0,0,0,0,0,0,0,0,0,0,0,0,0,5,0,0,0,"Notodontidae","Lepidoptera","Notodontidae","family",NA,1,5
"203","denovo280",0,0,0,0,0,0,0,0,0,0,0,0,0,0,0,0,0,0,0,1,0,0,0,0,0,0,0,"Cecidomyiidae","Diptera","Cecidomyiidae","family",NA,1,1
"204","denovo281",0,0,0,0,0,0,0,0,0,0,0,0,0,0,0,1,0,0,0,0,0,0,0,0,0,0,0,"Sciaridae","Diptera","Sciaridae","family","Sciaridae",1,1
"205","denovo282",0,0,0,0,0,0,0,0,0,0,0,5,0,0,0,0,0,0,0,0,0,0,0,0,0,0,0,"Diptera","Diptera","None","order",NA,1,5
"206","denovo283",0,0,0,0,1,0,0,0,0,0,0,0,0,0,0,0,0,0,0,0,0,0,0,0,0,0,0,"Oecophoridae","Lepidoptera","Oecophoridae","family","Oecophoridae",1,1
"207","denovo284",1,0,0,0,0,0,0,0,0,0,0,0,0,0,0,0,0,0,0,0,0,0,0,0,0,0,0,"Armadillidium","Isopoda","Armadillidiidae","genus",NA,1,1
"208","denovo285",0,0,0,0,0,0,0,0,0,0,1,0,0,0,0,0,0,0,0,0,0,0,0,0,0,0,0,"Lepidoptera","Lepidoptera","None","order","Lepidoptera",1,1
"209","denovo286",0,0,0,0,0,0,0,0,0,0,0,0,0,0,0,0,0,0,0,0,0,0,0,1,0,0,0,"Araneidae","Araneae","Araneidae","family",NA,1,1
"210","denovo287",0,0,0,0,0,0,0,0,0,2,0,0,0,0,0,0,0,0,0,0,0,0,0,0,0,0,0,"testaceus","Coleoptera","Carabidae","species","testaceus",1,2
"211","denovo288",0,0,0,0,0,0,0,0,0,0,0,0,0,0,0,0,0,0,0,0,0,0,0,1,0,0,0,"Cyclosa","Araneae","Araneidae","genus",NA,1,1
"212","denovo289",0,0,0,0,0,1,0,0,0,0,0,0,0,0,0,0,0,0,0,0,0,0,0,0,0,0,0,"Acrididae","Orthoptera","Acrididae","family",NA,1,1
"213","denovo29",0,0,0,0,0,0,0,0,0,0,0,0,0,0,2,0,0,0,0,0,0,0,0,0,0,0,0,"Gryllodes","Orthoptera","Gryllidae","genus",NA,1,2
"214","denovo290",0,0,0,0,0,0,0,0,0,0,0,0,0,0,0,1,0,0,0,0,0,0,0,0,0,0,0,"Trichoplusia","Lepidoptera","Noctuidae","genus","Trichoplusia",1,1
"215","denovo291",0,0,0,0,0,0,0,0,0,0,0,0,0,0,0,0,0,0,0,0,0,0,0,30,0,0,0,"Araneidae","Araneae","Araneidae","family",NA,1,30
"216","denovo292",0,2,0,0,0,0,0,0,0,0,0,0,0,0,0,0,0,0,0,0,0,0,0,0,0,0,0,"Bombylius","Diptera","Bombyliidae","genus",NA,1,2
"217","denovo293",0,0,0,0,1,1,0,0,0,0,0,0,0,0,0,0,0,0,0,0,0,0,0,0,0,0,0,"unknown","unknown","unknown","none",NA,2,2
"218","denovo294",0,0,0,0,0,0,0,0,0,1,0,0,0,3,0,0,0,55,0,0,0,2,0,5,0,0,0,"Ectobiidae","Blattodea","Ectobiidae","family","Ectobiidae",5,66
"219","denovo295",0,0,0,0,0,0,322,0,0,0,0,0,0,0,0,0,0,0,0,0,0,0,0,0,0,0,0,"Pyropyga","Coleoptera","Lampyridae","genus","Pyropyga",1,322
"220","denovo296",0,0,0,0,0,0,0,0,0,0,0,0,0,0,2,0,0,0,0,0,0,0,0,0,0,0,0,"Libellulidae","Odonata","Libellulidae","family",NA,1,2
"221","denovo297",0,0,0,0,0,1,0,0,0,0,0,0,0,0,0,0,0,0,0,0,0,0,0,0,0,0,0,"Acrididae","Orthoptera","Acrididae","family",NA,1,1
"222","denovo298",0,0,0,0,0,0,0,0,0,0,0,0,0,5,0,0,0,0,0,0,0,0,0,0,0,0,0,"Tettigoniidae","Orthoptera","Tettigoniidae","family",NA,1,5
"223","denovo299",0,0,0,0,0,0,0,0,0,0,2,0,0,0,0,0,0,0,0,0,0,0,0,0,0,0,0,"Acrolophus","Lepidoptera","Tineidae","genus",NA,1,2
"224","denovo3",0,0,0,0,0,0,0,1,0,0,0,0,0,0,0,0,0,0,0,0,0,0,0,0,0,0,0,"Carabidae","Coleoptera","Carabidae","family",NA,1,1
"225","denovo30",0,10,0,0,0,0,0,0,0,0,0,0,0,0,0,1356,0,0,2,0,0,0,0,0,0,0,0,"Tipula","Diptera","Tipulidae","genus","Tipula",3,1368
"226","denovo300",0,0,0,0,0,0,0,0,0,0,0,0,0,0,31,0,0,0,0,0,0,0,0,0,0,0,0,"Gryllodes","Orthoptera","Gryllidae","genus",NA,1,31
"227","denovo301",0,0,0,0,0,0,0,0,0,0,0,0,0,0,0,0,0,0,0,0,0,0,2,0,0,0,0,"Anthonomus","Coleoptera","Curculionidae","genus",NA,1,2
"228","denovo302",0,0,0,0,0,0,0,0,0,0,0,0,0,0,2,0,0,0,0,0,0,0,0,0,0,0,0,"Gryllodes","Orthoptera","Gryllidae","genus",NA,1,2
"229","denovo303",0,2,0,0,0,0,0,0,0,0,0,0,0,0,0,0,0,0,0,0,0,0,0,0,0,0,0,"Hyposcada","Lepidoptera","Nymphalidae","genus",NA,1,2
"230","denovo304",0,0,0,0,0,0,0,0,0,0,0,0,0,0,0,0,12,0,0,2,0,0,0,22,2,0,0,"turbinata","Araneae","Araneidae","species","turbinata",4,38
"231","denovo305",0,0,0,0,0,2,5,0,0,0,0,0,0,0,0,0,0,0,0,0,0,0,0,0,1,0,0,"Arachnis","Lepidoptera","Erebidae","genus","Arachnis",3,8
"232","denovo306",0,0,0,0,0,0,0,0,0,0,0,0,0,0,0,0,1,0,0,0,0,0,0,0,0,0,0,"Cyclosa","Araneae","Araneidae","genus",NA,1,1
"233","denovo307",0,7,726,0,676,331,244,0,5,2,0,0,0,0,0,0,0,0,0,0,43,0,0,0,29,0,0,"ursina","Lepidoptera","Erebidae","species","ursina",9,2063
"234","denovo308",0,0,0,0,0,0,3,0,0,0,0,0,0,0,0,0,0,0,0,0,0,0,0,0,0,0,0,"Arachnis","Lepidoptera","Erebidae","genus","Arachnis",1,3
"235","denovo309",0,0,1,0,0,0,0,0,0,0,0,0,0,0,0,0,0,0,1,0,0,0,0,1,0,0,7,"mexicanum","Diptera","Syrphidae","species","mexicanum",4,10
"236","denovo31",0,0,0,0,0,0,0,0,0,0,0,0,0,0,13,0,0,0,0,0,0,0,0,0,0,0,0,"Gryllodes","Orthoptera","Gryllidae","genus","Gryllodes",1,13
"237","denovo310",0,40,0,0,0,0,0,0,0,0,1,0,0,0,0,0,0,0,0,0,0,0,0,0,0,0,0,"Tachinidae","Diptera","Tachinidae","family",NA,2,41
"238","denovo311",2,0,0,18,0,1,3,1,0,0,0,0,0,4,3346,0,63,0,0,0,0,1,0,0,0,0,0,"supplicans","Orthoptera","Gryllidae","species","supplicans",9,3439
"239","denovo312",0,0,0,0,0,0,0,0,0,0,2571,0,0,0,0,0,0,0,0,0,0,0,0,0,0,0,0,"kearfotti","Lepidoptera","Tineidae","species","kearfotti",1,2571
"240","denovo313",1,0,0,0,0,0,0,0,0,0,0,0,0,0,0,0,0,0,0,0,0,0,0,0,0,0,0,"Armadillidium","Isopoda","Armadillidiidae","genus","Armadillidium",1,1
"241","denovo314",0,0,1,0,0,0,0,0,0,0,0,0,0,0,0,0,0,0,0,0,0,0,0,0,0,0,0,"Diptera","Diptera","None","order",NA,1,1
"242","denovo315",0,0,0,0,0,0,0,0,0,0,8,0,0,0,0,0,0,0,0,0,0,0,0,0,0,0,0,"Oegoconia","Lepidoptera","Autostichidae","genus",NA,1,8
"243","denovo316",0,0,0,0,0,0,0,0,0,0,2,0,0,0,0,0,0,0,0,0,0,0,0,0,0,0,0,"Lepidoptera","Lepidoptera","None","order","Lepidoptera",1,2
"244","denovo317",0,0,0,0,0,0,0,0,0,0,0,0,0,0,1,0,0,0,0,0,0,0,0,0,0,0,0,"Gryllodes","Orthoptera","Gryllidae","genus","Gryllodes",1,1
"245","denovo318",0,0,0,0,0,0,0,0,0,0,0,0,0,0,0,0,0,0,0,0,0,1,0,0,0,0,0,"Prochoerodes","Lepidoptera","Geometridae","genus","Prochoerodes",1,1
"246","denovo319",0,0,0,0,0,0,0,0,0,0,0,0,0,0,0,0,0,0,0,0,0,0,0,1,0,0,0,"Cyclosa","Araneae","Araneidae","genus","Cyclosa",1,1
"247","denovo32",0,0,0,0,0,0,0,0,0,0,4,0,0,0,0,0,0,0,0,0,0,0,0,0,0,0,0,"Euphilotes","Lepidoptera","Lycaenidae","genus","Euphilotes",1,4
"248","denovo320",0,0,0,0,0,0,0,0,0,0,14,0,0,0,0,0,0,0,0,0,0,0,0,0,0,0,0,"Tachinidae","Diptera","Tachinidae","family","Tachinidae",1,14
"249","denovo321",0,0,0,0,0,0,0,3,0,0,0,0,0,0,0,0,0,0,0,0,0,0,0,0,0,0,0,"Diptera","Diptera","None","order",NA,1,3
"250","denovo322",0,0,0,0,0,0,0,0,0,0,0,0,0,0,0,0,0,0,0,0,0,0,0,1,0,0,0,"Cyclosa","Araneae","Araneidae","genus",NA,1,1
"251","denovo323",0,0,0,0,0,0,0,0,0,0,0,0,0,0,0,0,1,0,0,0,0,0,0,0,0,0,0,"Cyclosa","Araneae","Araneidae","genus",NA,1,1
"252","denovo324",0,0,0,0,0,0,0,0,0,0,0,0,0,0,1,0,0,0,0,0,0,0,0,0,0,0,0,"Gryllodes","Orthoptera","Gryllidae","genus",NA,1,1
"253","denovo325",0,0,0,0,0,0,1,0,5,0,0,0,0,0,0,0,0,0,0,0,1,0,0,0,0,0,0,"Erebidae","Lepidoptera","Erebidae","family",NA,3,7
"254","denovo33",1,0,0,0,0,0,0,0,0,0,0,0,0,0,0,0,0,0,0,0,0,0,0,0,0,0,0,"unknown","unknown","unknown","none",NA,1,1
"255","denovo34",0,0,0,0,0,0,0,0,0,0,0,0,0,0,0,0,1,0,0,0,0,1,1,3,0,0,0,"Cyclosa","Araneae","Araneidae","genus","Cyclosa",4,6
"256","denovo35",0,0,0,0,0,0,0,2,0,0,0,0,0,0,0,0,0,0,0,0,0,0,0,0,0,0,0,"unknown","unknown","unknown","none",NA,1,2
"257","denovo36",0,0,0,0,0,0,0,0,0,0,0,0,0,0,0,2,0,0,0,0,0,0,0,0,0,0,0,"Sciaridae","Diptera","Sciaridae","family","Sciaridae",1,2
"258","denovo37",0,0,0,0,0,2,3,0,0,0,0,0,0,0,0,0,0,0,0,0,1,0,0,0,0,0,0,"Lepidoptera","Lepidoptera","Nymphalidae","order","Lepidoptera",3,6
"259","denovo38",0,0,0,0,0,0,0,1,0,0,0,0,0,0,0,0,0,0,0,0,0,0,0,0,0,0,0,"Diptera","Diptera","None","order",NA,1,1
"260","denovo39",0,0,0,0,0,0,0,0,0,0,1,0,0,0,0,0,0,0,0,0,0,0,0,0,0,0,0,"Tachinidae","Diptera","Tachinidae","family",NA,1,1
"261","denovo4",0,0,0,0,0,0,5,0,0,0,0,0,0,0,0,0,0,0,0,0,0,0,0,0,0,0,0,"Arachnis","Lepidoptera","Erebidae","genus",NA,1,5
"262","denovo40",0,0,0,0,0,0,0,0,0,0,0,0,0,1,0,0,0,0,0,0,0,0,0,0,0,0,0,"Tettigoniidae","Orthoptera","Tettigoniidae","family",NA,1,1
"263","denovo41",0,0,0,0,0,0,0,0,0,0,0,0,0,0,0,0,0,0,0,0,0,0,0,1,0,0,0,"Araneidae","Araneae","Araneidae","family",NA,1,1
"264","denovo42",0,0,0,0,0,0,0,0,0,0,0,0,0,0,0,0,0,0,0,1,0,0,0,0,0,0,0,"Noctuidae","Lepidoptera","Noctuidae","family","Noctuidae",1,1
"265","denovo43",0,0,0,0,0,0,0,0,0,0,0,0,0,1,0,0,0,0,0,0,0,0,0,0,0,0,0,"Tachinidae","Diptera","Tachinidae","family",NA,1,1
"266","denovo44",0,1,0,0,0,0,0,0,0,0,0,0,0,0,0,0,0,0,0,0,0,0,0,0,0,0,0,"Bombyliidae","Diptera","Bombyliidae","family",NA,1,1
"267","denovo45",0,1,0,0,0,0,0,0,0,0,0,0,0,0,0,0,0,0,0,0,0,0,0,0,0,0,0,"Sciaridae","Diptera","Sciaridae","family",NA,1,1
"268","denovo46",0,0,0,0,0,1,0,0,0,0,0,0,0,0,0,0,0,0,0,0,0,0,0,0,0,0,0,"Lepidoptera","Lepidoptera","Dalceridae","order",NA,1,1
"269","denovo47",0,0,0,0,0,0,0,0,0,0,0,0,0,0,2,0,0,0,0,0,0,0,0,0,0,0,0,"Gryllodes","Orthoptera","Gryllidae","genus","Gryllodes",1,2
"270","denovo48",0,0,0,0,0,0,0,0,0,0,0,0,0,0,0,1,0,0,0,0,0,0,0,0,0,0,0,"Exoristoides","Diptera","Tachinidae","genus","Exoristoides",1,1
"271","denovo49",0,0,0,0,0,0,0,0,1,0,0,0,0,0,0,0,0,0,0,0,0,0,0,0,0,0,0,"Diptera","Diptera","None","order",NA,1,1
"272","denovo5",0,0,0,0,0,0,0,0,0,0,0,0,0,0,0,1,0,0,0,0,0,0,0,0,0,0,0,"Tipula","Diptera","Tipulidae","genus",NA,1,1
"273","denovo50",0,0,0,0,0,0,0,0,0,0,0,0,0,0,0,0,0,0,0,0,0,0,0,1,0,0,0,"Noctuidae","Lepidoptera","Noctuidae","family","Noctuidae",1,1
"274","denovo51",0,0,0,0,1,0,0,0,0,0,0,0,0,0,0,0,0,0,0,0,0,0,0,0,0,0,0,"ursina","Lepidoptera","Erebidae","species","ursina",1,1
"275","denovo52",0,0,0,0,0,0,1,0,0,0,0,0,0,0,0,0,0,0,0,0,0,0,0,0,0,0,0,"Grammia","Lepidoptera","Erebidae","genus",NA,1,1
"276","denovo53",0,0,0,0,0,0,0,0,0,1,0,0,1,0,0,0,0,0,0,0,1,1,0,0,0,0,0,"Tenebrio","Coleoptera","Tenebrionidae","genus","Tenebrio",4,4
"277","denovo54",0,14,0,0,0,0,0,0,0,0,0,0,0,0,0,0,0,0,0,0,0,0,0,0,0,0,0,"Tachinidae","Diptera","Tachinidae","family",NA,1,14
"278","denovo55",0,0,0,0,0,0,0,0,0,0,0,0,0,0,0,0,0,0,0,0,0,0,0,7,0,0,0,"Cyclosa","Araneae","Araneidae","genus",NA,1,7
"279","denovo56",0,0,0,0,1,0,0,0,0,0,0,0,0,0,0,0,0,0,0,0,0,0,0,0,0,0,0,"Diptera","Diptera","None","order",NA,1,1
"280","denovo57",0,0,0,0,0,0,0,0,0,0,0,0,0,0,0,0,0,0,0,2,0,0,0,0,0,0,0,"Ypsolophidae","Lepidoptera","Ypsolophidae","family",NA,1,2
"281","denovo58",0,0,0,0,0,0,0,0,0,0,0,0,0,0,0,0,0,0,0,0,0,0,4,0,0,0,0,"Ceratopogonidae","Diptera","Ceratopogonidae","family","Ceratopogonidae",1,4
"282","denovo59",0,0,0,0,0,0,0,0,0,0,0,0,0,0,0,29,0,0,0,0,0,0,0,0,0,0,0,"Diptera","Diptera","None","order",NA,1,29
"283","denovo6",0,0,0,0,0,0,0,0,0,0,0,0,0,0,0,0,0,1,0,0,0,0,0,0,0,0,0,"Gelechiidae","Lepidoptera","Gelechiidae","family",NA,1,1
"284","denovo60",0,0,0,0,0,0,0,0,0,0,0,0,0,0,0,0,0,1,0,0,0,0,0,0,0,0,0,"Ectobiidae","Blattodea","Ectobiidae","family",NA,1,1
"285","denovo61",0,0,0,0,0,0,0,0,0,0,0,0,0,0,0,0,0,0,0,0,0,0,0,2,0,0,0,"Araneae","Araneae","None","order",NA,1,2
"286","denovo62",0,0,0,0,0,0,0,0,0,0,0,0,0,0,0,0,0,0,0,0,0,0,0,1,0,0,0,"Monochroa","Lepidoptera","Gelechiidae","genus",NA,1,1
"287","denovo63",0,0,0,0,0,0,1,0,0,0,0,0,0,0,0,0,0,0,0,0,0,0,0,0,0,0,0,"Chionodes","Lepidoptera","Gelechiidae","genus","Chionodes",1,1
"288","denovo64",0,0,0,0,0,0,0,0,0,0,0,0,0,0,0,0,0,0,0,0,0,0,0,2,0,0,0,"Lacinipolia","Lepidoptera","Noctuidae","genus","Lacinipolia",1,2
"289","denovo65",0,0,0,0,0,0,0,0,0,0,1,0,0,0,0,0,0,0,0,0,0,0,0,0,0,0,0,"Claustropyga","Diptera","Sciaridae","genus",NA,1,1
"290","denovo66",0,0,0,0,0,0,0,0,0,0,0,0,28,0,0,0,0,0,0,0,0,0,0,0,0,0,0,"Braconidae","Hymenoptera","Braconidae","family",NA,1,28
"291","denovo67",0,0,0,0,0,0,0,0,0,0,0,0,0,0,0,0,0,0,0,0,0,3,0,74,5,0,0,"Araneidae","Araneae","Araneidae","family",NA,3,82
"292","denovo68",0,0,0,0,0,0,0,3,0,0,0,0,0,0,0,0,0,0,0,0,0,0,0,0,8,0,0,"unknown","unknown","unknown","none",NA,2,11
"293","denovo69",0,0,0,0,0,0,0,0,0,0,0,0,0,0,0,0,0,0,0,0,0,0,0,1,0,0,0,"Araneidae","Araneae","Araneidae","family",NA,1,1
"294","denovo7",0,0,0,0,0,0,0,0,0,0,0,0,0,0,0,0,1,0,0,0,0,0,0,0,0,0,0,"unknown","unknown","unknown","none",NA,1,1
"295","denovo70",2,0,0,0,0,0,0,0,0,0,0,0,0,0,0,0,0,0,0,0,0,0,0,0,0,0,0,"Armadillidium","Isopoda","Armadillidiidae","genus","Armadillidium",1,2
"296","denovo71",0,0,0,0,0,0,0,0,0,0,0,0,0,0,0,0,1,0,0,0,0,0,0,0,0,0,0,"turbinata","Araneae","Araneidae","species","turbinata",1,1
"297","denovo72",0,0,0,0,0,0,0,22,0,0,0,0,0,0,0,0,0,0,0,0,0,0,0,0,1,0,0,"ruficollis","Coleoptera","Carabidae","species","ruficollis",2,23
"298","denovo73",0,0,2,0,0,0,0,0,0,0,0,0,0,0,0,0,0,0,0,0,0,0,0,0,0,0,0,"Armadillidium","Isopoda","Armadillidiidae","genus",NA,1,2
"299","denovo74",0,0,0,0,0,1,0,0,0,0,0,0,0,0,0,0,0,0,0,0,0,0,0,0,0,0,0,"picta","Lepidoptera","Erebidae","species","picta",1,1
"300","denovo75",0,0,0,0,0,0,0,0,6,0,0,0,0,0,0,0,0,0,0,0,0,0,0,0,0,0,0,"Phidippus","Araneae","Salticidae","genus","Phidippus",1,6
"301","denovo76",0,0,1,0,4,3,4,0,0,0,0,0,0,0,0,0,0,0,0,0,0,0,0,0,1,0,0,"ursina","Lepidoptera","Erebidae","species","ursina",5,13
"302","denovo77",0,0,0,0,0,0,1,0,0,0,0,0,0,0,0,0,0,0,0,0,0,0,0,0,0,0,0,"Protoschinia","Lepidoptera","Noctuidae","genus",NA,1,1
"303","denovo78",0,0,0,0,0,0,0,0,0,0,0,0,0,0,0,0,0,0,3,0,0,0,0,0,0,0,0,"Hemieuxoa","Lepidoptera","Noctuidae","genus","Hemieuxoa",1,3
"304","denovo79",0,0,0,0,0,0,0,0,0,0,1,0,0,0,0,0,0,0,0,0,0,0,0,0,0,0,0,"Arachnis","Lepidoptera","Erebidae","genus",NA,1,1
"305","denovo8",0,0,0,0,0,1,0,0,0,0,0,0,0,0,0,0,0,0,0,0,0,0,0,0,0,0,0,"unknown","unknown","unknown","none",NA,1,1
"306","denovo80",0,97,6665,0,5,4,0,2,361,165,0,89,0,0,0,0,0,0,0,2354,0,1282,2186,1,0,0,2,"Diptera","Diptera","None","order",NA,13,13213
"307","denovo81",0,0,0,1,0,0,1,0,0,0,0,30847,0,3,0,0,0,0,0,2,0,0,0,0,0,0,0,"pachycericola","Diptera","Neriidae","species","pachycericola",5,30854
"308","denovo82",0,0,0,0,0,0,0,0,0,0,0,0,0,1,0,0,0,0,0,0,0,0,0,6,0,0,0,"Tettigoniidae","Orthoptera","Tettigoniidae","family",NA,2,7
"309","denovo83",0,0,0,0,0,0,0,0,0,0,0,0,0,0,0,0,1,0,0,0,0,0,0,0,0,0,0,"Drosophila","Diptera","Drosophilidae","genus",NA,1,1
"310","denovo84",0,0,0,0,0,0,0,0,0,0,0,0,0,0,0,0,1,0,0,0,0,0,0,0,0,0,0,"Limnophyes","Diptera","Chironomidae","genus",NA,1,1
"311","denovo85",0,0,0,0,0,0,0,0,0,0,0,0,0,0,0,0,0,0,0,0,0,0,1,0,0,0,0,"Arachnis","Lepidoptera","Erebidae","genus","Arachnis",1,1
"312","denovo86",0,0,0,0,0,0,0,0,0,0,0,0,0,0,0,0,0,0,0,0,1,0,0,0,0,0,0,"Tipulidae","Diptera","Tipulidae","family",NA,1,1
"313","denovo87",0,0,0,0,0,0,0,3,0,0,0,0,0,0,0,0,0,0,0,0,0,0,0,0,0,0,0,"Cecidomyiidae","Diptera","Cecidomyiidae","family",NA,1,3
"314","denovo88",0,3,1,0,0,0,0,0,0,0,0,0,0,0,0,0,0,0,0,0,0,0,0,0,0,0,0,"Tachinidae","Diptera","Tachinidae","family",NA,2,4
"315","denovo89",0,0,0,0,0,0,0,0,0,0,0,0,0,0,0,0,0,0,0,0,0,0,0,3,0,0,0,"Cyclosa","Araneae","Araneidae","genus",NA,1,3
"316","denovo9",0,0,0,0,0,0,0,0,0,0,0,0,0,0,0,0,0,0,19,0,0,0,0,0,0,0,0,"oleracea","Diptera","Tipulidae","species","oleracea",1,19
"317","denovo90",0,0,0,0,0,0,0,0,0,0,0,0,0,0,0,0,0,0,0,0,0,0,0,3,0,0,0,"Ectobiidae","Blattodea","Ectobiidae","family","Ectobiidae",1,3
"318","denovo91",0,0,0,0,0,0,0,0,0,0,0,0,0,0,0,0,0,0,2,0,0,0,0,0,0,0,0,"Glaucina","Lepidoptera","Geometridae","genus","Glaucina",1,2
"319","denovo92",0,0,0,0,0,0,0,0,0,0,0,0,0,0,27,0,0,0,0,0,0,0,0,0,0,0,0,"Orthoptera","Orthoptera","None","order",NA,1,27
"320","denovo93",0,0,1,0,0,0,0,0,0,0,0,0,0,0,0,0,0,0,0,0,0,0,0,0,0,0,0,"ursina","Lepidoptera","Erebidae","species","ursina",1,1
"321","denovo94",0,0,0,0,0,0,126,198,0,0,0,0,0,0,0,0,0,0,5,0,0,0,0,0,0,0,0,"Phoridae","Diptera","Phoridae","family","Phoridae",3,329
"322","denovo95",0,0,0,0,0,0,0,0,0,0,1,0,0,0,0,0,0,0,0,0,0,0,0,0,0,0,0,"Anthonomus","Coleoptera","Curculionidae","genus","Anthonomus",1,1
"323","denovo96",0,0,0,0,0,0,2,0,0,0,1,0,0,0,0,0,0,0,0,0,0,0,0,0,1,0,0,"Arachnis","Lepidoptera","Erebidae","genus",NA,3,4
"324","denovo97",0,0,0,0,0,0,0,0,0,0,0,0,0,0,0,0,0,0,0,0,0,0,0,4,0,0,0,"Cyclosa","Araneae","Araneidae","genus",NA,1,4
"325","denovo98",0,0,0,0,0,0,0,0,0,0,0,0,0,0,0,0,0,0,0,0,0,0,0,0,2,0,0,"unknown","unknown","unknown","none",NA,1,2
"326","denovo99",0,0,0,0,0,0,0,0,0,0,0,0,0,0,0,0,0,0,0,0,0,0,0,5,0,0,0,"Monochroa","Lepidoptera","Gelechiidae","genus","Monochroa",1,5
